1749468000000,205.02,205.31,205,205.25
1749468300000,205.25,205.26,205.2,205.2
1749468600000,205.07,205.2,205.07,205.2
1749468900000,205.26,205.3,205.25,205.25
1749469200000,205.3,205.47,205.1,205.1
1749469500000,205.14,205.21,205.14,205.2
1749469800000,205.22,205.29,205.15,205.15
1749470100000,205.25,205.3,205.16,205.19
1749470400000,204.57,205.4795,204.11,205.18
1749470700000,205.1995,205.2,204.91,205
1749471000000,204.9003,204.9999,204.86,204.87
1749471300000,204.87,204.97,204.8,204.93
1749471600000,204.95,205.06,204.95,204.95
1749471900000,204.9792,205.1,204.95,204.95
1749472200000,205,205,204.83,204.95
1749472500000,204.91,204.9899,204.82,204.86
1749472800000,204.82,204.8585,204.73,204.8
1749473100000,204.86,204.94,204.81,204.81
1749473400000,204.81,204.9,204.7202,204.79
1749473700000,204.8,204.84,204.76,204.78
1749474000000,204.75,204.9,204.7,204.82
1749474300000,204.85,204.85,204.77,204.77
1749474600000,204.8,204.85,204.77,204.8487
1749474900000,204.774,204.774,204.64,204.6999
1749475200000,204.6954,204.77,204.66,204.77
1749475500000,204.7,204.8099,204.29,204.44
1749475800000,204.39,205.075,203.98,204.84
1749476100000,204.84,205.55,204.63,205.37
1749476400000,205.34,205.405,204.59,204.8301
1749476700000,204.845,205.01,204.41,204.959
1749477000000,204.95,205.49,204.83,205.22
1749477300000,205.225,205.24,204.74,204.83
1749477600000,204.85,205.14,204.6,205.045
1749477900000,205.05,205.34,204.82,205.3
1749478200000,205.3,206,205.3,205.785
1749478500000,205.79,205.86,205.42,205.555
1749478800000,205.5693,205.61,205.2,205.235
1749479100000,205.22,205.46,205.12,205.32
1749479400000,205.3,205.74,205.28,205.4011
1749479700000,205.41,205.41,205.17,205.38
1749480000000,205.39,205.58,205.32,205.38
1749480300000,205.395,205.4,205.01,205.07
1749480600000,205.06,205.17,204.7,204.71
1749480900000,204.73,204.77,204.53,204.7199
1749481200000,204.72,204.89,204.65,204.72
1749481500000,204.715,204.94,204.7098,204.76
1749481800000,204.768,204.925,204.645,204.71
1749482100000,204.7,204.89,204.63,204.75
1749482400000,204.7547,204.8985,204.61,204.81
1749482700000,204.81,204.84,204.51,204.53
1749483000000,204.5301,204.56,204.355,204.48
1749483300000,204.48,204.65,204.37,204.45
1749483600000,204.4564,204.46,204.2612,204.425
1749483900000,204.45,204.4762,204.3,204.4
1749484200000,204.39,204.545,204.32,204.5294
1749484500000,204.53,204.59,204.39,204.46
1749484800000,204.47,204.91,204.385,204.7917
1749485100000,204.78,204.86,204.22,204.28
1749485400000,204.3,204.3499,204.04,204.1262
1749485700000,204.12,204.1265,203.73,203.94
1749486000000,203.95,204.24,203.91,204.05
1749486300000,204.06,204.26,203.91,203.9288
1749486600000,203.93,204.03,203.89,204.0299
1749486900000,204.03,204.47,204.02,204.41
1749487200000,204.41,204.67,204.38,204.66
1749487500000,204.65,204.8,204.58,204.605
1749487800000,204.5986,204.81,204.58,204.77
1749488100000,204.77,204.785,204.63,204.7
1749488400000,204.71,205.24,204.6,205.0752
1749488700000,205.075,205.2999,204.24,204.53
1749489000000,204.53,204.5401,201.34,201.65
1749489300000,201.639,202,200.2801,200.9
1749489600000,200.8905,201.6908,200.02,200.65
1749489900000,200.66,201.1097,200.18,200.72
1749490200000,200.71,201.29,200.03,200.7807
1749490500000,200.791,201.49,200.78,201.375
1749490800000,201.39,202.17,201.39,202.17
1749491100000,202.17,202.22,201.58,201.701229
1749491400000,201.6996,202.57,201.645,202.4601
1749491700000,202.47,202.554,202.16,202.465
1749492000000,202.45,202.6677,202.11,202.12
1749492300000,202.12,202.33,201.69,201.7011
1749492600000,201.71,201.98,201.675,201.94
1749492900000,201.94,201.985,201.62,201.695
1749493200000,201.681,202.03,201.615,201.9991
1749493500000,201.98,202.22,201.27,201.45
1749493800000,201.445,201.618,200.9,201.26
1749494100000,201.255,201.4,200.91,200.9365
1749494400000,200.935,200.99,200.735,200.9
1749494700000,200.91,201,200.63,200.88
1749495000000,200.88,201.52,200.78,201.51
1749495300000,201.5,201.7,201.335,201.52
1749495600000,201.5399,201.58,201.3206,201.47
1749495900000,201.465,201.48,201.19,201.4595
1749496200000,201.4593,201.53,201.03,201.0799
1749496500000,201.07,201.165,200.87,201.025
1749496800000,201.025,201.16,200.84,201.13
1749497100000,201.13,201.25,200.885,201.24
1749497400000,201.23,201.4,201.11,201.27
1749497700000,201.275,201.365,201.14,201.27
1749498000000,201.265,201.275,200.93,201.03
1749498300000,201.02,201.33,200.89,201.29
1749498600000,201.31,202.065,201.31,201.87
1749498900000,201.88,202.355,201.37,201.44
1749499200000,201.45,201.45,201.29,201.45
1749499500000,201.4285,201.45,201.35,201.36
1749499800000,201.35,201.45,201.35,201.45
1749500100000,201.45,201.45,201.35,201.35
1749500400000,201.37,201.399,201.1774,201.399
1749500700000,201.32,201.4,201.3,201.4
1749501000000,201.44,201.44,201.3,201.42
1749501300000,201.44,201.44,201.4,201.41
1749501600000,201.4101,201.59,201.4101,201.5
1749501900000,201.5,201.55,201.46,201.53
1749502200000,201.5,201.55,201.46,201.5
1749502500000,201.55,201.577,201.4493,201.45
1749502800000,201.55,201.55,201.48,201.51
1749503100000,201.55,201.55,201.4,201.4999
1749503400000,201.43,201.55,201.4,201.4
1749503700000,201.4497,201.45,201.4,201.42
1749504000000,201.39,201.41,201.336,201.4
1749504300000,201.39,201.48,201.35,201.461
1749504600000,201.46,201.48,201.45,201.47
1749504900000,201.48,201.51,201.47,201.51
1749505200000,201.53,201.59,201.5191,201.58
1749505500000,201.57,201.69,201.57,201.67
1749505800000,201.6895,201.72,201.6,201.62
1749506100000,201.601,201.64,201.58,201.6285
1749506400000,201.629,201.7,201.57,201.7
1749506700000,201.71,201.74,201.65,201.69
1749507000000,201.68,201.7,201.6554,201.69
1749507300000,201.6899,201.75,201.6899,201.7287
1749507600000,201.7016,201.75,201.7,201.75
1749507900000,201.73,201.73,201.66,201.66
1749508200000,201.641,201.65,201.59,201.62
1749508500000,201.62,201.65,201.58,201.64
1749508800000,201.63,201.65,201.58,201.65
1749509100000,201.6,201.6334,201.5663,201.6334
1749509400000,201.6,201.66,201.6,201.66
1749509700000,201.65,201.66,201.64,201.65
1749510000000,201.66,201.66,201.6048,201.6048
1749510300000,201.66,201.66,201.64,201.66
1749510600000,201.64,201.66,201.64,201.66
1749510900000,201.6588,201.72,201.6453,201.71
1749511200000,201.7,201.72,201.7,201.7193
1749511500000,201.73,201.77,201.72,201.75
1749511800000,201.75,201.77,201.75,201.7688
1749512100000,201.7699,201.77,201.72,201.76
1749512400000,201.7536,201.79,201.72,201.78
1749512700000,201.72,201.78,201.71,201.75
1749513000000,201.75,201.77,201.7309,201.75
1749513300000,201.7491,201.77,201.7,201.75
1749542400000,202.14,202.14,201.7,201.81
1749542700000,201.89,201.91,201.6,201.65
1749543000000,201.65,201.65,201.13,201.13
1749543300000,201.19,201.32,201.11,201.12
1749543600000,201.18,201.32,201.18,201.29
1749543900000,201.23,201.27,201.2,201.2
1749544200000,201.23,201.53,201.22,201.53
1749544500000,201.6,201.61,201.49,201.49
1749544800000,201.48,201.51,201.45,201.5
1749545100000,201.56,201.57,201.56,201.57
1749545400000,201.67,201.67,201.63,201.63
1749545700000,201.51,201.51,201.44,201.47
1749546000000,201.48,201.61,201.48,201.61
1749546300000,201.59,201.7,201.59,201.7
1749546600000,201.7,201.7,201.6,201.62
1749546900000,201.62,201.79,201.62,201.79
1749547200000,201.77,201.77,201.7,201.7
1749547500000,201.72,201.74,201.64,201.67
1749547800000,201.74,201.74,201.56,201.56
1749548100000,201.53,201.56,201.52,201.56
1749548400000,201.51,201.51,201.44,201.49
1749548700000,201.45,201.45,201.45,201.45
1749549000000,201.49,201.52,201.49,201.52
1749549300000,201.54,201.54,201.45,201.49
1749549600000,201.48,201.54,201.41,201.45
1749549900000,201.5,201.57,201.5,201.57
1749550200000,201.58,201.58,201.57,201.58
1749550500000,201.61,201.64,201.61,201.62
1749550800000,201.61,201.61,201.56,201.6
1749551100000,201.63,201.63,201.49,201.5
1749551400000,201.48,201.5,201.48,201.48
1749551700000,201.45,201.45,201.25,201.25
1749552000000,201.25,201.3,201.24,201.3
1749552300000,201.38,201.38,201.14,201.14
1749552600000,201.11,201.11,200.92,200.96
1749552900000,201.02,201.21,201.02,201.21
1749553200000,201.25,201.28,200.95,201.14
1749553500000,201.11,201.11,200.56,200.71
1749553800000,200.69,200.79,200.5,200.5
1749554100000,200.6,200.76,200.59,200.7
1749554400000,200.7,200.85,200.7,200.81
1749554700000,200.85,200.85,200.78,200.84
1749555000000,200.9,201.02,200.9,200.97
1749555300000,200.96,201.05,200.96,201
1749555600000,201.07,201.15,201,201
1749555900000,201,201,200.9,200.97
1749556200000,201.01,201.01,200.9,200.95
1749556500000,200.99,201.1,200.99,201.1
1749556800000,201.25,202.67,200.5,201.22
1749557100000,201.2,201.25,201.17,201.24
1749557400000,201.15,201.24,201.12,201.2
1749557700000,201.16,201.25,201.16,201.25
1749558000000,201.23,201.48,201.16,201.48
1749558300000,201.47,201.72,201.47,201.5499
1749558600000,201.55,201.58,201.4,201.42
1749558900000,201.4999,201.5,201.4,201.5
1749559200000,201.5,201.61,201.44,201.5499
1749559500000,201.5499,201.56,201.45,201.56
1749559800000,201.55,201.57,201.25,201.26
1749560100000,201.3002,201.49,201.3,201.3299
1749560400000,201.4,201.4,201.26,201.2706
1749560700000,201.2612,201.3241,201,201.11
1749561000000,201.06,201.3,201.01,201.23
1749561300000,201.23,201.3,201.1055,201.2
1749561600000,201.2539,201.3,201.13,201.1301
1749561900000,201.11,201.2499,200.24,200.65
1749562200000,200.6,203.15,200.57,202.137
1749562500000,202.135,202.39,201.695,202.14
1749562800000,202.14,202.325,201.435,201.8
1749563100000,201.805,202.02,201.38,201.935
1749563400000,201.9272,203.11,201.865,202.87
1749563700000,202.89,202.92,202.08,202.2
1749564000000,202.2,203.02,202.18,202.82
1749564300000,202.84,203.36,202.67,202.93
1749564600000,202.9,203,202.49,202.735
1749564900000,202.7437,203.34,202.715,202.86
1749565200000,202.91,202.9506,202.5203,202.635
1749565500000,202.65,202.94,202.546,202.87
1749565800000,202.86,203.19,202.74,203.19
1749566100000,203.185,203.25,202.79,202.945
1749566400000,202.93,203.29,202.73,203.23
1749566700000,203.22,203.65,203.16,203.54
1749567000000,203.53,204.3,203.43,204.21
1749567300000,204.19,204.35,204.002,204.267
1749567600000,204.26,204.32,203.6,203.78
1749567900000,203.78,203.8,203.15,203.3022
1749568200000,203.31,203.365,203.13,203.2
1749568500000,203.22,203.7106,203.1914,203.56
1749568800000,203.55,203.6599,203.4,203.615
1749569100000,203.62,203.75,203.301,203.315
1749569400000,203.32,203.32,202.3001,202.76
1749569700000,202.7652,202.8996,202.48,202.6679
1749570000000,202.66,202.98,202.62,202.93
1749570300000,202.92,203.07,202.8802,203.02
1749570600000,203.03,203.15,202.99,203.025
1749570900000,203.03,203.03,202.765,202.92
1749571200000,202.93,203.17,202.75,202.8
1749571500000,202.79,203.0788,202.75,202.76
1749571800000,202.77,202.78,202.4,202.425
1749572100000,202.425,202.84,202.425,202.77
1749572400000,202.78,202.84,202.53,202.58
1749572700000,202.59,202.72,202.49,202.5388
1749573000000,202.53,202.763,202.43,202.53
1749573300000,202.54,202.63,202.51,202.5301
1749573600000,202.54,202.6,202.28,202.33
1749573900000,202.34,202.4708,202.0704,202.12
1749574200000,202.11,202.5599,202.1,202.51
1749574500000,202.525,202.644,202.41,202.585
1749574800000,202.585,202.645,202.26,202.31
1749575100000,202.3,202.35,202.16,202.1801
1749575400000,202.19,202.52,202.185,202.195
1749575700000,202.2,202.2978,202.02,202.07
1749576000000,202.08,202.155,201.92,201.94
1749576300000,201.94,201.96,201.75,201.76
1749576600000,201.78,201.805,201.45,201.5653
1749576900000,201.57,201.57,201.33,201.395
1749577200000,201.395,201.55,201.31,201.36
1749577500000,201.37,201.54,201.35,201.45
1749577800000,201.47,201.8954,201.45,201.86
1749578100000,201.85,202.04,201.66,201.75
1749578400000,201.7503,201.81,201.37,201.7
1749578700000,201.71,201.73,201.481,201.59
1749579000000,201.59,201.6,201.36,201.55
1749579300000,201.55,202.1,201.4903,201.8784
1749579600000,201.9,202,201.76,201.95
1749579900000,201.945,202.01,201.64,201.7
1749580200000,201.69,201.8474,201.6,201.81
1749580500000,201.81,201.96,201.79,201.9
1749580800000,201.9,201.96,201.8,201.93
1749581100000,201.9298,202.05,201.84,201.955
1749581400000,201.96,202.5,201.93,202.49
1749581700000,202.495,203.0735,202.49,202.66
1749582000000,202.68,202.95,202.66,202.88
1749582300000,202.8637,203.2,202.8637,203.045
1749582600000,203.04,203.23,203.03,203.07
1749582900000,203.08,203.125,202.77,202.92
1749583200000,202.9158,202.92,202.77,202.86
1749583500000,202.8521,202.9099,202.65,202.82
1749583800000,202.8211,202.975,202.78,202.96
1749584100000,202.96,202.98,202.73,202.84
1749584400000,202.84,202.92,202.59,202.76
1749584700000,202.77,202.84,202.68,202.77
1749585000000,202.76,202.97,202.09,202.51
1749585300000,202.53,202.76,202.33,202.75
1749585600000,202.67,202.75,202.4519,202.67
1749585900000,202.5791,202.5791,202.45,202.5
1749586200000,202.4999,202.5,202.41,202.474
1749586500000,202.49,202.73,202.44,202.6998
1749586800000,202.64,202.7,202.5,202.67
1749587100000,202.63,202.64,202.5495,202.5495
1749587400000,202.5004,202.56,202.5001,202.55
1749587700000,202.59,202.64,202.5282,202.56
1749588000000,202.57,202.6,202.56,202.6
1749588300000,202.56,202.6,202.53,202.59
1749588600000,202.5302,202.64,202.5302,202.5888
1749588900000,202.54,202.64,202.54,202.59
1749589200000,202.6378,202.6378,202.5601,202.61
1749589500000,202.61,202.61,202.59,202.59
1749589800000,202.59,202.6191,202.59,202.59
1749590100000,202.6,202.64,202.59,202.62
1749590400000,202.63,202.64,202.5915,202.5915
1749590700000,202.59,202.6392,202.59,202.6392
1749591000000,202.625,202.64,202.61,202.61
1749591300000,202.6393,202.6393,202.6,202.638
1749591600000,202.6,202.65,202.59,202.65
1749591900000,202.68,202.7,202.65,202.65
1749592200000,202.65,202.68,202.65,202.67
1749592500000,202.67,202.7,202.6,202.65
1749592800000,202.66,202.7001,202.66,202.7
1749593100000,202.7194,202.72,202.7,202.7005
1749593400000,202.7,202.71,202.7,202.71
1749593700000,202.71,202.71,202.7,202.7
1749594000000,202.7001,202.7196,202.7,202.7196
1749594300000,202.7,202.72,202.7,202.7
1749594600000,202.7,202.72,202.63,202.63
1749594900000,202.67,202.67,202.67,202.67
1749595200000,202.63,202.67,202.63,202.67
1749595500000,202.6,202.67,202.6,202.63
1749595800000,202.6,202.86,202.6,202.86
1749596100000,202.88,202.89,202.75,202.87
1749596400000,202.82,202.82,202.61,202.63
1749596700000,202.63,202.63,202.5,202.5
1749597000000,202.53,202.75,202.53,202.53
1749597300000,202.78,203.24,202.7656,203.011
1749597600000,203.05,203.05,202.78,202.98
1749597900000,203,203.02,202.85,203
1749598200000,203.0799,203.0799,202.9107,203.06
1749598500000,203.06,203.06,202.91,202.91
1749598800000,202.91,202.91,202.8212,202.8212
1749599100000,202.87,202.9,202.751,202.751
1749599400000,202.77,202.8311,202.77,202.8311
1749599700000,202.89,202.9,202.81,202.9
1749628800000,202.62,202.9,202.45,202.78
1749629100000,202.78,202.78,202.67,202.67
1749629400000,202.66,202.69,202.65,202.68
1749629700000,202.73,202.73,202.67,202.68
1749630000000,202.63,202.68,202.6,202.61
1749630300000,202.62,202.62,202.62,202.62
1749630600000,202.6,202.7,202.58,202.7
1749630900000,202.74,202.86,202.7,202.86
1749631200000,202.8,202.8,202.8,202.8
1749631500000,202.75,202.79,202.74,202.79
1749631800000,202.83,202.92,202.83,202.92
1749632100000,202.88,202.88,202.88,202.88
1749632400000,202.89,202.89,202.89,202.89
1749632700000,202.86,202.86,202.79,202.8
1749633600000,202.84,203,202.84,202.99
1749633900000,202.98,202.98,202.94,202.94
1749634200000,202.93,202.93,202.93,202.93
1749634500000,202.9,202.9,202.84,202.84
1749634800000,202.81,202.81,202.75,202.75
1749635100000,202.79,202.79,202.72,202.72
1749635400000,202.7,202.7,202.7,202.7
1749636000000,202.72,202.74,202.72,202.74
1749636300000,202.75,202.75,202.7,202.73
1749636600000,202.72,202.72,202.72,202.72
1749636900000,202.7,202.7,202.62,202.63
1749637200000,202.63,202.7,202.63,202.7
1749637500000,202.68,202.7,202.68,202.7
1749637800000,202.71,202.89,202.7,202.89
1749638100000,202.85,202.87,202.83,202.83
1749638400000,202.75,202.9,202.75,202.9
1749638700000,202.95,202.95,202.88,202.9
1749639000000,202.85,202.86,202.85,202.85
1749639600000,202.7,202.7,202.7,202.7
1749639900000,202.6,202.6,202.54,202.54
1749640200000,202.5,202.57,202.43,202.51
1749640500000,202.51,202.51,202.2,202.4
1749640800000,202.35,202.36,202.29,202.36
1749641100000,202.39,202.39,202.39,202.39
1749641400000,202.46,202.58,202.46,202.52
1749641700000,202.48,202.7,202.48,202.7
1749642000000,202.71,202.71,202.71,202.71
1749642300000,202.75,202.75,202.75,202.75
1749642600000,202.72,202.72,202.63,202.63
1749642900000,202.72,202.72,202.66,202.66
1749643200000,202.34,203.3,202.1512,203.14
1749643500000,202.93,202.95,202.61,202.94
1749643800000,202.89,203,202.36,202.5
1749644100000,202.5,202.7,202.3,202.62
1749644400000,202.6899,202.9,202.59,202.88
1749644700000,202.86,203.45,202.84,203.11
1749645000000,203.09,204.41,203.09,203.93
1749645300000,203.9289,203.95,203.6,203.93
1749645600000,203.9104,203.99,203.5203,203.5203
1749645900000,203.5206,203.9,203.52,203.55
1749646200000,203.55,203.63,203.3,203.45
1749646500000,203.45,203.45,203.32,203.3333
1749646800000,203.44,203.52,203.3535,203.37
1749647100000,203.4099,203.5,203.35,203.4999
1749647400000,203.48,203.5,203.35,203.4
1749647700000,203.38,203.5,203.38,203.4989
1749648000000,203.5,203.5,203.4,203.4499
1749648300000,203.4,203.5,203.202,203.5
1749648600000,203.5,204.12,202.85,203.985
1749648900000,203.995,204.5,203.1,203.25
1749649200000,203.24,203.26,202.5538,202.725
1749649500000,202.73,203.01,202.505,202.62
1749649800000,202.63,202.995,202.5,202.7334
1749650100000,202.72,202.95,202.65,202.7801
1749650400000,202.8,203,202.48,202.67
1749650700000,202.66,202.95,202.33,202.57
1749651000000,202.58,202.85,202.51,202.765
1749651300000,202.77,202.775,202.4601,202.59
1749651600000,202.59,202.88,202.55,202.78
1749651900000,202.77,203.03,202.72,202.7601
1749652200000,202.76,202.83,202.56,202.74
1749652500000,202.74,202.8,202.35,202.39
1749652800000,202.3888,202.4399,201.91,202.0377
1749653100000,202.02,202.3,201.995,202.0799
1749653400000,202.07,202.25,202.025,202.025
1749653700000,202.03,202.44,202.03,202.135
1749654000000,202.13,202.2454,201.93,201.9552
1749654300000,201.95,201.96,201.41,201.42
1749654600000,201.4,201.44,201.01,201.09
1749654900000,201.1,201.6587,201.07,201.593
1749655200000,201.58,201.7,201.2601,201.2701
1749655500000,201.28,201.28,200.91,201
1749655800000,200.995,201.08,200.82,200.919
1749656100000,200.92,201.15,200.91,201.011
1749656400000,201,201.17,200.885,200.9052
1749656700000,200.9,201.06,200.62,200.82
1749657000000,200.81,201.15,200.67,201.1
1749657300000,201.12,201.12,200.7,200.75
1749657600000,200.73,200.76,200.465,200.533
1749657900000,200.53,200.56,200.03,200.0499
1749658200000,200.04,200.25,199.75,200.22
1749658500000,200.21,200.2299,199.73,199.99
1749658800000,200,200.06,199.6596,199.75
1749659100000,199.76,200.2499,199.69,200.2071
1749659400000,200.2,200.58,200.185,200.24
1749659700000,200.23,200.49,200.23,200.37
1749660000000,200.37,200.5287,200.32,200.45
1749660300000,200.46,200.84,200.435,200.77
1749660600000,200.775,200.82,200.61,200.6501
1749660900000,200.6761,200.69,200.43,200.67
1749661200000,200.65,200.98,200.56,200.88
1749661500000,200.885,201.1,200.8,201.1
1749661800000,201.0918,201.2365,201,201.0859
1749662100000,201.08,201.18,200.97,201.12
1749662400000,201.1399,201.15,200.93,201.0088
1749662700000,201.01,201.1,200.875,200.91
1749663000000,200.905,200.99,200.565,200.57
1749663300000,200.57,200.66,200.37,200.53
1749663600000,200.54,200.63,200.25,200.34
1749663900000,200.33,200.36,199.88,199.9
1749664200000,199.895,200.02,199.81,199.88
1749664500000,199.895,200.0218,199.85,199.905
1749664800000,199.91,200,199.11,199.43
1749665100000,199.42,199.67,199.2,199.605
1749665400000,199.6,199.6,199.09,199.1
1749665700000,199.1,199.21,198.71,199.11
1749666000000,199.11,199.32,198.94,199.1793
1749666300000,199.18,199.37,199.11,199.2392
1749666600000,199.22,199.3899,198.765,199.3301
1749666900000,199.33,199.61,199.23,199.535
1749667200000,199.53,199.6,199.35,199.52
1749667500000,199.52,199.6,199.43,199.56
1749667800000,199.53,199.5354,199.1,199.2
1749668100000,199.2,199.2552,198.98,199.07
1749668400000,199.08,199.09,198.75,198.975
1749668700000,198.97,199.13,198.89,199.095
1749669000000,199.09,199.3611,198.96,198.99
1749669300000,198.99,199.0598,198.62,198.63
1749669600000,198.6397,199.21,198.61,199.16
1749669900000,199.15,199.25,198.83,198.98
1749670200000,198.96,199.13,198.725,198.73
1749670500000,198.75,198.91,198.6,198.8
1749670800000,198.8,199.07,198.75,198.96
1749671100000,198.96,199.06,198.73,198.81
1749671400000,198.81,198.95,198.445,198.57
1749671700000,198.58,198.87,198.41,198.85
1749672000000,198.78,198.95,198.51,198.8
1749672300000,198.83,198.88,198.6,198.78
1749672600000,198.65,198.88,198.65,198.86
1749672900000,198.85,199.3,198.85,199.2
1749673200000,199.1895,199.2,199.01,199.18
1749673500000,199.1592,199.16,199,199.098
1749673800000,199.0872,199.1,198.9326,199.05
1749674100000,199,199.2,198.8,198.9899
1749674400000,198.9899,199.1,198.96,199.1
1749674700000,199.12,199.12,198.95,199.07
1749675000000,199.1,199.1,199.05,199.05
1749675300000,199.13,199.19,199.07,199.07
1749675600000,199.18,199.18,199.11,199.18
1749675900000,199.1212,199.18,199.12,199.15
1749676200000,199.14,199.18,199.12,199.1201
1749676500000,199.12,199.18,199.12,199.17
1749676800000,199.14,199.14,199.01,199.01
1749677100000,199.09,199.09,199.01,199.07
1749677400000,199.01,199.05,198.97,198.98
1749677700000,199.03,199.03,198.99,199
1749678000000,198.99,199.01,198.9799,199.0099
1749678300000,199.02,199.03,199,199
1749678600000,199.01,199.02,199,199.0099
1749678900000,199,199.02,198.98,198.98
1749679200000,198.99,198.99,198.81,198.8501
1749679500000,198.9,199,198.85,198.98
1749679800000,199,199,198.95,198.97
1749680100000,198.95,199.03,198.95,199.03
1749680400000,199.05,199.09,199.03,199.09
1749680700000,199.07,199.13,199.05,199.0501
1749681000000,199.07,199.1,199.03,199.04
1749681300000,199.05,199.1,199.04,199.04
1749681600000,199.04,199.09,199.01,199.0787
1749681900000,199.05,199.08,199,199.0301
1749682200000,199.0795,199.0795,198.9,198.9
1749682500000,198.91,198.9498,198.68,198.8
1749682800000,198.7997,198.81,198.69,198.71
1749683100000,198.7,198.78,198.68,198.71
1749683400000,198.78,198.78,198.69,198.7797
1749683700000,198.77,198.78,198.71,198.78
1749684000000,198.7001,198.8,198.7001,198.7999
1749684300000,198.85,198.87,198.85,198.85
1749684600000,198.95,198.95,198.86,198.95
1749684900000,198.95,199.09,198.95,199.08
1749685200000,199.08,199.09,199.06,199.08
1749685500000,199.05,199.09,199.03,199.0548
1749685800000,199.0872,199.0872,198.8896,199
1749686100000,198.99,199,198.76,198.76
1749715200000,199.2,199.2,198.45,198.48
1749715500000,198.49,198.73,198.48,198.73
1749715800000,198.79,199.19,198.79,198.96
1749716100000,198.84,198.85,198.54,198.66
1749716400000,198.75,198.8,198.74,198.74
1749716700000,198.75,198.85,198.75,198.85
1749717000000,198.87,198.9,198.87,198.88
1749717300000,198.82,198.99,198.82,198.99
1749717600000,199.02,199.25,199.02,199.25
1749717900000,199.18,199.34,199.12,199.33
1749718200000,199.39,199.44,199.37,199.37
1749718500000,199.44,199.44,199.3,199.3
1749718800000,199.25,199.51,199.25,199.51
1749719100000,199.53,199.59,199.5,199.58
1749719400000,199.58,199.6,199.4,199.4
1749719700000,199.4,199.45,199.31,199.45
1749720000000,199.42,199.42,199.42,199.42
1749720300000,199.43,199.43,199.25,199.34
1749720600000,199.35,199.47,199.35,199.4
1749720900000,199.46,199.6,199.43,199.48
1749721200000,199.39,199.39,199.2,199.2
1749721500000,199.38,199.39,199.2,199.2
1749721800000,199.17,199.17,199.12,199.12
1749722100000,199.18,199.18,199.14,199.14
1749722400000,199.26,199.26,199.26,199.26
1749722700000,199.2,199.2,199.12,199.12
1749723000000,199.06,199.1,199.06,199.1
1749723300000,199.25,199.25,199.23,199.25
1749723900000,199.03,199.03,199,199
1749724200000,199.11,199.2,198.98,199
1749724500000,199.1,199.15,199.1,199.15
1749724800000,199.22,199.26,199.22,199.26
1749725100000,199.38,199.4,199.3,199.4
1749725400000,199.3,199.4,199.3,199.38
1749725700000,199.5,199.54,199.29,199.3
1749726000000,199.29,199.29,199,199
1749726300000,199,199.08,198.9,199.08
1749726600000,199.1,199.1,199.04,199.06
1749727200000,198.99,199,198.88,198.89
1749727500000,198.95,198.95,198.83,198.83
1749727800000,198.81,198.96,198.75,198.84
1749728100000,198.88,198.88,198.77,198.8
1749728400000,198.77,198.88,198.77,198.88
1749728700000,198.9,198.9,198.88,198.88
1749729000000,198.81,198.81,198.71,198.73
1749729300000,198.8,198.8,198.66,198.74
1749729600000,199.1,199.45,198.65,198.9
1749729900000,198.821,198.95,198.79,198.85
1749730200000,198.9,198.9799,198.87,198.9
1749730500000,198.9,199.04,198.8701,199
1749730800000,199,199.15,198.97,199.08
1749731100000,199.08,199.08,198.95,199
1749731400000,198.97,199.15,198.9,199.1
1749731700000,199.1299,199.35,199.11,199.35
1749732000000,199.35,199.5,199.2,199.34
1749732300000,199.3797,199.41,199.19,199.25
1749732600000,199.3,199.3222,199.19,199.24
1749732900000,199.2601,199.52,199.2601,199.4684
1749733200000,199.45,199.6073,199.3,199.58
1749733500000,199.52,199.52,199.32,199.398
1749733800000,199.3525,199.52,199.3525,199.5
1749734100000,199.47,199.48,199.35,199.41
1749734400000,199.45,199.46,199.3,199.3983
1749734700000,199.35,199.35,198.88,199.08
1749735000000,199.08,199.39,197.88,198.04
1749735300000,198.08,198.5992,197.905,198.33
1749735600000,198.3,198.57,197.7396,197.87
1749735900000,197.87,198.26,197.82,198.01
1749736200000,198,198.24,197.9,198.19
1749736500000,198.19,198.21,197.74,197.94
1749736800000,197.94,198.0765,197.495,197.7
1749737100000,197.71,198.44,197.3601,198.2508
1749737400000,198.25,198.43,198.1,198.26
1749737700000,198.26,198.54,198.22,198.3299
1749738000000,198.32,198.53,198.16,198.28
1749738300000,198.27,198.41,197.9601,198.0667
1749738600000,198.08,198.37,198,198.2899
1749738900000,198.28,198.5088,198.155,198.4
1749739200000,198.39,198.47,198.215,198.33
1749739500000,198.33,198.58,198.33,198.51
1749739800000,198.52,198.56,198.22,198.31
1749740100000,198.31,198.43,198.18,198.2788
1749740400000,198.26,198.67,198.2405,198.64
1749740700000,198.62,198.925,198.59,198.8268
1749741000000,198.815,198.92,198.53,198.85
1749741300000,198.855,198.88,198.405,198.555
1749741600000,198.57,198.61,198.11,198.18
1749741900000,198.18,198.24,197.8627,198.14
1749742200000,198.1337,198.2,198.01,198.08
1749742500000,198.09,198.17,197.755,197.78
1749742800000,197.773,198.095,197.773,197.99
1749743100000,197.99,198.1655,197.84,198.13
1749743400000,198.11,198.14,197.89,197.9998
1749743700000,197.992459,198.3278,197.981,198.3098
1749744000000,198.295,198.5464,198.15,198.32
1749744300000,198.32,198.3862,198.08,198.355
1749744600000,198.38,198.59,198.3,198.37
1749744900000,198.3769,198.53,198.34,198.3851
1749745200000,198.4,198.48,198.14,198.235
1749745500000,198.23,198.64,198.23,198.59
1749745800000,198.58,198.67,198.2,198.4662
1749746100000,198.4738,198.9,198.4738,198.85
1749746400000,198.8698,198.97,198.71,198.76
1749746700000,198.76,198.93,198.69,198.73
1749747000000,198.73,198.83,198.5,198.55
1749747300000,198.54,198.645,198.4596,198.5625
1749747600000,198.561,199.1,198.46,198.98
1749747900000,198.97,199.08,198.86,198.98
1749748200000,198.9759,199.225,198.95,199.225
1749748500000,199.2101,199.44,199.17,199.32
1749748800000,199.32,199.4188,199.22,199.245
1749749100000,199.24,199.37,199.16,199.26
1749749400000,199.26,199.68,199.25,199.595
1749749700000,199.595,199.645,199.15,199.2
1749750000000,199.21,199.4004,199.16,199.185
1749750300000,199.2,199.225,199.01,199.0393
1749750600000,199.04,199.22,199.04,199.15
1749750900000,199.145,199.1589,198.9404,198.9404
1749751200000,198.96,199.09,198.9201,198.984
1749751500000,198.995,199.19,198.9903,199.05
1749751800000,199.05,199.13,198.84,198.87
1749752100000,198.86,199,198.77,198.92
1749752400000,198.92,199.07,198.77,198.895
1749752700000,198.905,198.99,198.665,198.75
1749753000000,198.76,198.79,198.545,198.7048
1749753300000,198.7,198.86,198.61,198.7875
1749753600000,198.79,198.8799,198.7,198.77
1749753900000,198.76,198.85,198.66,198.76
1749754200000,198.76,199.025,198.71,198.97
1749754500000,198.97,199.03,198.84,198.985
1749754800000,198.98,199.0604,198.87,198.91
1749755100000,198.91,199.05,198.89,198.9392
1749755400000,198.945,199.01,198.88,198.88
1749755700000,198.885,199.04,198.8504,198.91
1749756000000,198.9,198.965,198.87,198.906
1749756300000,198.9,198.98,198.8299,198.885
1749756600000,198.88,198.9,198.72,198.885
1749756900000,198.88,198.9,198.79,198.87
1749757200000,198.87,198.875,198.5874,198.62
1749757500000,198.62,198.625,198.4736,198.57
1749757800000,198.56,198.74,198.4,198.695
1749758100000,198.71,199.2,198.71,199.2
1749758400000,199.2,199.2,198.78,198.901
1749758700000,198.9495,199.2,198.8,199.2
1749759000000,198.9699,198.9699,198.85,198.9
1749759300000,198.85,198.95,198.85,198.94
1749759600000,198.98,198.98,198.7844,198.7844
1749759900000,198.81,198.9,198.66,198.66
1749760200000,198.83,199.2,198.7,198.8
1749760500000,198.85,199.2,198.85,198.9312
1749760800000,198.97,198.97,198.91,198.91
1749761100000,198.96,199.45,198.71,199.1
1749761400000,199.02,199.02,198.8927,199
1749761700000,199.05,199.2019,199.0101,199.0101
1749762000000,199.13,199.19,199.1,199.1
1749762600000,199.12,199.12,199,199.1
1749762900000,199.01,199.07,199.01,199.07
1749763200000,199.07,199.0977,199.05,199.0977
1749763500000,199.02,199.04,198.92,199.01
1749763800000,198.95,198.95,198.92,198.92
1749764100000,198.92,198.9412,198.92,198.94
1749764400000,198.94,199.2,198.94,199.2
1749764700000,199.0686,199.07,199.02,199.02
1749765000000,199,199,198.9,198.9
1749765600000,198.95,198.9772,198.75,198.75
1749765900000,198.7202,198.74,198.7,198.7
1749766200000,198.84,198.84,198.84,198.84
1749766500000,198.93,198.95,198.7,198.895
1749767100000,198.8,198.8,198.68,198.68
1749767400000,198.68,198.68,198.5,198.62
1749767700000,198.78,198.83,198.635,198.67
1749768000000,198.6523,198.8,198.6523,198.71
1749768300000,198.74,198.78,198.6507,198.73
1749768600000,198.7,198.7,198.7,198.7
1749768900000,198.7,198.75,198.7,198.75
1749769200000,198.71,198.71,198.7,198.7
1749769800000,198.739,198.74,198.739,198.74
1749770100000,198.7,198.72,198.7,198.72
1749770400000,198.7,198.7,198.7,198.7
1749770700000,198.74,198.74,198.687,198.687
1749771000000,198.68,198.68,198.68,198.68
1749771300000,198.69,198.69,198.6743,198.6743
1749771600000,198.7,198.7,198.3636,198.5141
1749771900000,198.6499,198.65,198.6,198.65
1749772200000,198.65,198.7,198.6,198.7
1749772500000,198.67,198.75,198.01,198.5795
1749801600000,196.11,197.17,196,197.05
1749801900000,197.13,197.14,196.9,197.13
1749802200000,197.11,197.35,197.08,197.34
1749802500000,197.27,197.37,197.06,197.35
1749802800000,197.32,197.34,197.01,197.06
1749803100000,197.05,197.09,196.89,197.09
1749803400000,197.05,197.1,196.99,196.99
1749803700000,196.95,197.08,196.95,196.99
1749804000000,196.89,196.9,196.85,196.9
1749804300000,196.7,196.7,196.58,196.63
1749804600000,196.72,196.8,196.63,196.74
1749804900000,196.65,196.68,196.62,196.68
1749805200000,196.64,196.95,196.64,196.95
1749805500000,197.04,197.04,197.04,197.04
1749805800000,196.98,197.15,196.65,196.9
1749806100000,197,197.15,196.8,196.9
1749806400000,197,197.08,197,197.08
1749806700000,197.14,197.37,197.1,197.37
1749807000000,197.26,197.39,197.1,197.15
1749807300000,197.15,197.15,197.14,197.14
1749807600000,197.13,197.21,197.13,197.2
1749807900000,197.2,197.24,197.2,197.24
1749808200000,197.32,197.54,197.3,197.54
1749808500000,197.48,197.63,197.43,197.63
1749808800000,197.47,197.47,197.42,197.42
1749809100000,197.34,197.38,197.34,197.36
1749809400000,197.36,197.42,197.35,197.35
1749809700000,197.39,197.4,197.26,197.26
1749810000000,197.27,197.35,197.24,197.35
1749810300000,197.37,197.85,197.37,197.83
1749810600000,197.8,197.9,197.8,197.89
1749810900000,197.85,197.9,197.84,197.9
1749811200000,197.85,198.16,197.81,198.1
1749811500000,198.1,198.1,198.1,198.1
1749811800000,198.1,198.6,198.1,198.45
1749812100000,198.41,198.61,198.32,198.61
1749812400000,198.61,199.12,198.5,199.01
1749812700000,199,199.1,198.95,199
1749813000000,198.9,199.02,198.5,198.67
1749813300000,198.66,198.88,198.41,198.88
1749813600000,198.65,198.68,198.64,198.64
1749813900000,198.65,198.86,198.62,198.79
1749814200000,198.77,199.189,198.77,199.189
1749814500000,199.19,199.61,199.19,199.52
1749814800000,199.52,199.75,199.44,199.6
1749815100000,199.55,199.75,199.43,199.7
1749815400000,199.7,199.7,199.5,199.61
1749815700000,199.61,199.63,199.51,199.54
1749816000000,199,199.75,195.87,199.4
1749816300000,199.32,199.33,199.07,199.17
1749816600000,199.07,199.38,199,199.03
1749816900000,199.03,199.56,199,199.56
1749817200000,199.36,199.7794,199.36,199.7
1749817500000,199.6201,200.2,199.6201,200
1749817800000,199.94,200,199.59,199.87
1749818100000,199.97,200.11,199.83,199.85
1749818400000,199.9,199.95,199.5,199.5004
1749818700000,199.51,199.77,199.4,199.46
1749819000000,199.45,199.8,199.42,199.8
1749819300000,199.73,200.05,199.67,200.0001
1749819600000,200,200.13,199.8,199.8
1749819900000,199.8,199.94,199.72,199.72
1749820200000,199.7233,200.1865,199.7233,200.0028
1749820500000,200.08,200.11,199.7207,199.85
1749820800000,199.85,199.95,199.8,199.9
1749821100000,199.92,200.0957,199.4,199.75
1749821400000,199.73,200.37,198.64,198.9
1749821700000,198.89,199.24,197.81,198.27
1749822000000,198.2699,198.29,197.27,197.5
1749822300000,197.53,197.6,196.9,197.385
1749822600000,197.38,197.7,196.9,196.9404
1749822900000,196.94,197.16,196.76,196.9
1749823200000,196.93,197.3999,196.58,196.85
1749823500000,196.85,196.9813,196.462,196.49
1749823800000,196.49,196.4973,195.91,196.2398
1749824100000,196.23,196.3793,196,196.36
1749824400000,196.3699,196.37,196.05,196.0906
1749824700000,196.08,196.53,196.01,196.155
1749825000000,196.16,196.53,195.98,196.2963
1749825300000,196.3,196.84,196.16,196.73
1749825600000,196.73,197.19,196.645,196.65
1749825900000,196.66,197.02,196.58,196.615
1749826200000,196.6,197.08,196.4,197.035
1749826500000,197.02,197.1998,196.95,197.11
1749826800000,197.11,197.25,196.98,197.073
1749827100000,197.07,197.441,197.05,197.29
1749827400000,197.2901,197.3925,197.16,197.24
1749827700000,197.2375,197.39,197.1092,197.341992
1749828000000,197.32,197.61,197.21,197.44
1749828300000,197.42,197.642,197.35,197.51
1749828600000,197.52,197.563,197.34,197.3702
1749828900000,197.39,197.57,197.21,197.48
1749829200000,197.47,197.6988,197.3929,197.67
1749829500000,197.67,197.875,197.59,197.7508
1749829800000,197.77,197.88,197.62,197.8412
1749830100000,197.84,197.84,197.6,197.6888
1749830400000,197.68,197.73,197.43,197.54
1749830700000,197.54,198.005,197.51,197.97
1749831000000,197.97,198.03,197.905,197.915
1749831300000,197.91,198.0475,197.86,197.98
1749831600000,197.9788,198.02,197.86,197.9
1749831900000,197.89,197.9586,197.22,197.27
1749832200000,197.29,197.43,197.08,197.4
1749832500000,197.41,197.48,197.155,197.155
1749832800000,197.15,197.3657,197.12,197.18
1749833100000,197.18,197.325,197.14,197.155
1749833400000,197.17,197.55,197.135,197.38
1749833700000,197.35,197.57,197.34,197.45
1749834000000,197.43,197.47,197.29,197.32
1749834300000,197.33,197.395,197.28,197.32
1749834600000,197.3101,197.41,196.97,197.28
1749834900000,197.25,197.265,196.91,197.11
1749835200000,197.1,197.53,197.09,197.465
1749835500000,197.4724,197.5,197.26,197.26
1749835800000,197.25,197.4799,197.22,197.31
1749836100000,197.33,197.3874,197.2,197.29
1749836400000,197.3,197.52,197.25,197.4495
1749836700000,197.44,197.61,197.26,197.33
1749837000000,197.33,197.71,197.3,197.62
1749837300000,197.62,197.63,197.48,197.54
1749837600000,197.54,197.69,196.92,197.12
1749837900000,197.13,197.37,196.66,196.67
1749838200000,196.67,196.81,196.54,196.64
1749838500000,196.64,196.8,196.35,196.75
1749838800000,196.74,196.84,196.54,196.7
1749839100000,196.7,196.76,196.22,196.278
1749839400000,196.26,196.31,195.81,196.06
1749839700000,196.07,196.131,195.82,195.9199
1749840000000,195.91,196.1547,195.82,196.1
1749840300000,196.11,196.27,196.03,196.07
1749840600000,196.06,196.43,196.02,196.38
1749840900000,196.365,196.485,196.195,196.465
1749841200000,196.455,196.64,196.11,196.32
1749841500000,196.33,196.61,196.21,196.59
1749841800000,196.58,196.59,196.21,196.49
1749842100000,196.51,196.55,196.19,196.43
1749842400000,196.43,196.58,196.2601,196.31
1749842700000,196.305,196.3529,196.08,196.22
1749843000000,196.24,196.39,196.01,196.21
1749843300000,196.2,196.69,196.1201,196.34
1749843600000,196.34,196.5162,195.98,196.045
1749843900000,196.04,196.25,195.7,196.13
1749844200000,196.14,196.33,195.8,195.99
1749844500000,195.97,196.55,195.815,196.45
1749844800000,196.45,196.55,196.15,196.2098
1749845100000,196.45,196.55,196.11,196.39
1749845400000,196.42,196.42,196.2247,196.4
1749845700000,196.3901,196.3901,196.2847,196.35
1749846000000,196.38,196.38,196.2,196.2
1749846300000,196.3299,196.3299,196.247,196.28
1749846600000,196.33,196.38,196.28,196.37
1749846900000,196.34,196.53,196.34,196.5
1749847200000,196.4035,196.41,196.3999,196.3999
1749847500000,196.4,196.4,196.36,196.37
1749847800000,196.3153,196.4,196.31,196.3966
1749848100000,196.33,196.45,196.3,196.45
1749848400000,196.4484,196.48,196.3989,196.48
1749848700000,196.46,196.47,196.4,196.43
1749849000000,196.44,196.46,196.44,196.46
1749849300000,196.47,196.47,196.4,196.4
1749849600000,196.42,196.44,196.39,196.44
1749849900000,196.44,196.45,196.4,196.4494
1749850200000,196.42,196.42,196.41,196.41
1749850500000,196.35,196.4,196.31,196.36
1749850800000,196.4,196.46,196.3601,196.46
1749851100000,196.46,196.49,196.44,196.45
1749851400000,196.4513,196.4888,196.4513,196.4888
1749851700000,196.49,196.5,196.4499,196.45
1749852000000,196.45,196.45,196.45,196.45
1749852300000,196.44,196.51,196.44,196.5
1749852600000,196.5,196.6,196.5,196.6
1749852900000,196.6,196.6,196.55,196.5989
1749853200000,196.55,196.5996,196.55,196.55
1749853500000,196.5501,196.59,196.4,196.5
1749853800000,196.45,196.4955,196.42,196.42
1749854100000,196.42,196.5,196.42,196.42
1749854400000,196.42,196.46,196.42,196.46
1749854700000,196.48,196.48,196.45,196.45
1749855000000,196.4599,196.5,196.45,196.45
1749855300000,196.45,196.49,196.3901,196.46
1749855600000,196.4599,196.47,196.45,196.45
1749855900000,196.46,196.4601,196.4424,196.4424
1749856200000,196.4499,196.45,196.4,196.4003
1749856500000,196.4001,196.48,196.4,196.4
1749856800000,196.45,196.47,196.44,196.44
1749857100000,196.44,196.44,196.4,196.4
1749857400000,196.4,196.46,196.4,196.4
1749857700000,196.41,196.44,196.39,196.4
1749858000000,196.4,196.4,196.38,196.4
1749858300000,196.4,196.4,196.3051,196.3101
1749858600000,196.31,196.35,196.3,196.31
1749858900000,196.35,196.3998,196.31,196.3998
